{
  "version": "experimental",
  "tags": [
    {
      "name": "app-main",
      "path": "./client/lit-wc/app-main.ts",
      "properties": [
        {
          "name": "styles",
          "type": "CSSResult[]",
          "default": "[null]"
        },
        {
          "name": "tags",
          "type": "TAG[]",
          "default": "[]"
        },
        {
          "name": "MFEData",
          "type": "MFEDATA[]",
          "default": "[]"
        }
      ]
    },
    {
      "name": "app-wc-canvas-item",
      "path": "./client/lit-wc/app-wc-canvas-item.ts",
      "properties": [
        {
          "name": "styles",
          "type": "CSSResult[]",
          "default": "[null]"
        },
        {
          "name": "tag",
          "type": "TAG"
        }
      ]
    },
    {
      "name": "app-wc-canvas",
      "path": "./client/lit-wc/app-wc-canvas.ts",
      "properties": [
        {
          "name": "styles",
          "type": "CSSResult[]",
          "default": "[null]"
        },
        {
          "name": "tagElems",
          "type": "HTMLElement[]"
        },
        {
          "name": "parentContainer",
          "type": "HTMLElement"
        },
        {
          "name": "tags",
          "type": "TAG[]",
          "default": "[]"
        },
        {
          "name": "tagPosition",
          "type": "{ [id: number]: TAGSIZE; }",
          "default": "{}"
        }
      ]
    },
    {
      "name": "app-wc-editor",
      "path": "./client/lit-wc/app-wc-editor.ts",
      "properties": [
        {
          "name": "styles",
          "type": "CSSResult[]",
          "default": "[null]"
        },
        {
          "name": "component",
          "type": "MFECOMPONENT | undefined"
        }
      ]
    },
    {
      "name": "app-wc-explorer",
      "path": "./client/lit-wc/app-wc-explorer.ts",
      "attributes": [
        {
          "name": "hasRootTag",
          "type": "boolean",
          "default": "false"
        },
        {
          "name": "lastId",
          "type": "number",
          "default": "0"
        }
      ],
      "properties": [
        {
          "name": "styles",
          "type": "CSSResult[]",
          "default": "[null]"
        },
        {
          "name": "hasRootTag",
          "attribute": "hasRootTag",
          "type": "boolean",
          "default": "false"
        },
        {
          "name": "lastId",
          "attribute": "lastId",
          "type": "number",
          "default": "0"
        },
        {
          "name": "MFEData",
          "type": "MFEDATA[]",
          "default": "[]"
        }
      ],
      "events": [
        {
          "name": "add-tag"
        }
      ]
    }
  ]
}